,Unnamed: 0,annot1_idx,annot2_idx,Gof,label1,label2,label1_orig,label1_orig_renamed
0,0,1,9,49.2807825086306,no matching lookup_no matching lookup,parc_0,no matching lookup,no matching lookup
1,1,2,6,70.4616120545324,L_V1_ROI_L,parc_5,L_V1_ROI,V1_L
2,2,3,5,100.0,L_MST_ROI_L,parc_4,L_MST_ROI,MST_L
3,3,4,5,90.3732809430255,L_V6_ROI_L,parc_4,L_V6_ROI,V6_L
4,4,5,5,87.4508519003932,L_V2_ROI_L,parc_4,L_V2_ROI,V2_L
5,5,6,5,100.0,L_V3_ROI_L,parc_4,L_V3_ROI,V3_L
6,6,7,5,100.0,L_V4_ROI_L,parc_4,L_V4_ROI,V4_L
7,7,8,5,100.0,L_V8_ROI_L,parc_4,L_V8_ROI,V8_L
8,8,9,2,96.0149439601494,L_4_ROI_L,parc_1,L_4_ROI,4_L
9,9,10,3,50.0527240773286,L_3b_ROI_L,parc_2,L_3b_ROI,3b_L
10,10,11,2,66.5865384615385,L_FEF_ROI_L,parc_1,L_FEF_ROI,FEF_L
11,11,12,2,54.1333333333333,L_PEF_ROI_L,parc_1,L_PEF_ROI,PEF_L
12,12,13,2,75.4573170731707,L_55b_ROI_L,parc_1,L_55b_ROI,55b_L
13,13,14,5,100.0,L_V3A_ROI_L,parc_4,L_V3A_ROI,V3A_L
14,14,15,7,64.3772893772894,L_RSC_ROI_L,parc_6,L_RSC_ROI,RSC_L
15,15,16,3,100.0,L_POS2_ROI_L,parc_2,L_POS2_ROI,POS2_L
16,16,17,5,59.1240875912409,L_V7_ROI_L,parc_4,L_V7_ROI,V7_L
17,17,18,3,100.0,L_IPS1_ROI_L,parc_2,L_IPS1_ROI,IPS1_L
18,18,19,5,52.6923076923077,L_FFC_ROI_L,parc_4,L_FFC_ROI,FFC_L
19,19,20,5,69.4677871148459,L_V3B_ROI_L,parc_4,L_V3B_ROI,V3B_L
20,20,21,5,100.0,L_LO1_ROI_L,parc_4,L_LO1_ROI,LO1_L
21,21,22,5,100.0,L_LO2_ROI_L,parc_4,L_LO2_ROI,LO2_L
22,22,23,5,100.0,L_PIT_ROI_L,parc_4,L_PIT_ROI,PIT_L
23,23,24,5,100.0,L_MT_ROI_L,parc_4,L_MT_ROI,MT_L
24,24,25,6,64.75,L_A1_ROI_L,parc_5,L_A1_ROI,A1_L
25,25,26,3,57.1592210767468,L_PSL_ROI_L,parc_2,L_PSL_ROI,PSL_L
26,26,27,3,100.0,L_SFL_ROI_L,parc_2,L_SFL_ROI,SFL_L
27,27,28,3,100.0,L_PCV_ROI_L,parc_2,L_PCV_ROI,PCV_L
28,28,29,3,84.8529411764706,L_STV_ROI_L,parc_2,L_STV_ROI,STV_L
29,29,30,3,100.0,L_7Pm_ROI_L,parc_2,L_7Pm_ROI,7Pm_L
30,30,31,3,100.0,L_7m_ROI_L,parc_2,L_7m_ROI,7m_L
31,31,32,6,44.9760765550239,L_POS1_ROI_L,parc_5,L_POS1_ROI,POS1_L
32,32,33,7,100.0,L_23d_ROI_L,parc_6,L_23d_ROI,23d_L
33,33,34,7,83.8709677419355,L_v23ab_ROI_L,parc_6,L_v23ab_ROI,v23ab_L
34,34,35,7,100.0,L_d23ab_ROI_L,parc_6,L_d23ab_ROI,d23ab_L
35,35,36,7,96.4426877470356,L_31pv_ROI_L,parc_6,L_31pv_ROI,31pv_L
36,36,37,2,86.2823061630219,L_5m_ROI_L,parc_1,L_5m_ROI,5m_L
37,37,38,3,52.0982599795292,L_5mv_ROI_L,parc_2,L_5mv_ROI,5mv_L
38,38,39,7,76.6959297685555,L_23c_ROI_L,parc_6,L_23c_ROI,23c_L
39,39,40,6,78.1030444964871,L_5L_ROI_L,parc_5,L_5L_ROI,5L_L
40,40,41,3,71.1210762331839,L_24dd_ROI_L,parc_2,L_24dd_ROI,24dd_L
41,41,42,3,71.1964549483013,L_24dv_ROI_L,parc_2,L_24dv_ROI,24dv_L
42,42,43,3,57.7634011090573,L_7AL_ROI_L,parc_2,L_7AL_ROI,7AL_L
43,43,44,3,100.0,L_SCEF_ROI_L,parc_2,L_SCEF_ROI,SCEF_L
44,44,45,3,100.0,L_6ma_ROI_L,parc_2,L_6ma_ROI,6ma_L
45,45,46,3,99.9044890162369,L_7Am_ROI_L,parc_2,L_7Am_ROI,7Am_L
46,46,47,3,100.0,L_7PL_ROI_L,parc_2,L_7PL_ROI,7PL_L
47,47,48,4,84.8554913294798,L_7PC_ROI_L,parc_3,L_7PC_ROI,7PC_L
48,48,49,4,86.4052287581699,L_LIPv_ROI_L,parc_3,L_LIPv_ROI,LIPv_L
49,49,50,3,91.1301859799714,L_VIP_ROI_L,parc_2,L_VIP_ROI,VIP_L
50,50,51,3,86.4468864468865,L_MIP_ROI_L,parc_2,L_MIP_ROI,MIP_L
51,51,52,6,84.9213691026827,L_1_ROI_L,parc_5,L_1_ROI,1_L
52,52,53,4,95.1448707909162,L_2_ROI_L,parc_3,L_2_ROI,2_L
53,53,54,2,49.2273730684327,L_3a_ROI_L,parc_1,L_3a_ROI,3a_L
54,54,55,2,99.7818974918212,L_6d_ROI_L,parc_1,L_6d_ROI,6d_L
55,55,56,2,53.6959553695955,L_6mp_ROI_L,parc_1,L_6mp_ROI,6mp_L
56,56,57,3,54.4276457883369,L_6v_ROI_L,parc_2,L_6v_ROI,6v_L
57,57,58,7,100.0,L_p24pr_ROI_L,parc_6,L_p24pr_ROI,p24pr_L
58,58,59,7,86.4951768488746,L_33pr_ROI_L,parc_6,L_33pr_ROI,33pr_L
59,59,60,7,100.0,L_a24pr_ROI_L,parc_6,L_a24pr_ROI,a24pr_L
60,60,61,3,63.2513661202186,L_p32pr_ROI_L,parc_2,L_p32pr_ROI,p32pr_L
61,61,62,5,56.8539325842697,L_a24_ROI_L,parc_4,L_a24_ROI,a24_L
62,62,63,3,82.9710144927536,L_d32_ROI_L,parc_2,L_d32_ROI,d32_L
63,63,64,3,100.0,L_8BM_ROI_L,parc_2,L_8BM_ROI,8BM_L
64,64,65,5,78.2805429864253,L_p32_ROI_L,parc_4,L_p32_ROI,p32_L
65,65,66,5,100.0,L_10r_ROI_L,parc_4,L_10r_ROI,10r_L
66,66,67,5,100.0,L_47m_ROI_L,parc_4,L_47m_ROI,47m_L
67,67,68,3,100.0,L_8Av_ROI_L,parc_2,L_8Av_ROI,8Av_L
68,68,69,3,100.0,L_8Ad_ROI_L,parc_2,L_8Ad_ROI,8Ad_L
69,69,70,3,98.1578947368421,L_9m_ROI_L,parc_2,L_9m_ROI,9m_L
70,70,71,3,100.0,L_8BL_ROI_L,parc_2,L_8BL_ROI,8BL_L
71,71,72,3,100.0,L_9p_ROI_L,parc_2,L_9p_ROI,9p_L
72,72,73,3,91.4648212226067,L_10d_ROI_L,parc_2,L_10d_ROI,10d_L
73,73,74,3,100.0,L_8C_ROI_L,parc_2,L_8C_ROI,8C_L
74,74,75,3,100.0,L_44_ROI_L,parc_2,L_44_ROI,44_L
75,75,76,3,76.255230125523,L_45_ROI_L,parc_2,L_45_ROI,45_L
76,76,77,5,100.0,L_47l_ROI_L,parc_4,L_47l_ROI,47l_L
77,77,78,5,60.0,L_a47r_ROI_L,parc_4,L_a47r_ROI,a47r_L
78,78,79,3,100.0,L_6r_ROI_L,parc_2,L_6r_ROI,6r_L
79,79,80,3,100.0,L_IFJa_ROI_L,parc_2,L_IFJa_ROI,IFJa_L
80,80,81,3,100.0,L_IFJp_ROI_L,parc_2,L_IFJp_ROI,IFJp_L
81,81,82,3,100.0,L_IFSp_ROI_L,parc_2,L_IFSp_ROI,IFSp_L
82,82,83,3,100.0,L_IFSa_ROI_L,parc_2,L_IFSa_ROI,IFSa_L
83,83,84,3,100.0,L_p9-46v_ROI_L,parc_2,L_p9-46v_ROI,p9-46v_L
84,84,85,3,100.0,L_46_ROI_L,parc_2,L_46_ROI,46_L
85,85,86,3,100.0,L_a9-46v_ROI_L,parc_2,L_a9-46v_ROI,a9-46v_L
86,86,87,3,100.0,L_9-46d_ROI_L,parc_2,L_9-46d_ROI,9-46d_L
87,87,88,3,100.0,L_9a_ROI_L,parc_2,L_9a_ROI,9a_L
88,88,89,5,99.7118155619597,L_10v_ROI_L,parc_4,L_10v_ROI,10v_L
89,89,90,3,63.6554621848739,L_a10p_ROI_L,parc_2,L_a10p_ROI,a10p_L
90,90,91,5,100.0,L_10pp_ROI_L,parc_4,L_10pp_ROI,10pp_L
91,91,92,5,100.0,L_11l_ROI_L,parc_4,L_11l_ROI,11l_L
92,92,93,5,100.0,L_13l_ROI_L,parc_4,L_13l_ROI,13l_L
93,93,94,5,100.0,L_OFC_ROI_L,parc_4,L_OFC_ROI,OFC_L
94,94,95,5,90.0958466453674,L_47s_ROI_L,parc_4,L_47s_ROI,47s_L
95,95,96,4,98.8617886178862,L_LIPd_ROI_L,parc_3,L_LIPd_ROI,LIPd_L
96,96,97,3,73.6543909348442,L_6a_ROI_L,parc_2,L_6a_ROI,6a_L
97,97,98,3,100.0,L_i6-8_ROI_L,parc_2,L_i6-8_ROI,i6-8_L
98,98,99,3,100.0,L_s6-8_ROI_L,parc_2,L_s6-8_ROI,s6-8_L
99,99,100,3,100.0,L_43_ROI_L,parc_2,L_43_ROI,43_L
100,100,101,6,40.0221729490022,L_OP4_ROI_L,parc_5,L_OP4_ROI,OP4_L
101,101,102,4,100.0,L_OP1_ROI_L,parc_3,L_OP1_ROI,OP1_L
102,102,103,4,91.1278195488722,L_OP2-3_ROI_L,parc_3,L_OP2-3_ROI,OP2-3_L
103,103,104,8,75.34516765286,L_52_ROI_L,parc_7,L_52_ROI,52_L
104,104,105,4,75.027502750275,L_RI_ROI_L,parc_3,L_RI_ROI,RI_L
105,105,106,4,95.2871870397643,L_PFcm_ROI_L,parc_3,L_PFcm_ROI,PFcm_L
106,106,107,8,100.0,L_PoI2_ROI_L,parc_7,L_PoI2_ROI,PoI2_L
107,107,108,4,73.6694677871149,L_TA2_ROI_L,parc_3,L_TA2_ROI,TA2_L
108,108,109,3,70.7584830339321,L_FOP4_ROI_L,parc_2,L_FOP4_ROI,FOP4_L
109,109,110,8,100.0,L_MI_ROI_L,parc_7,L_MI_ROI,MI_L
110,110,111,7,37.8176382660688,L_Pir_ROI_L,parc_6,L_Pir_ROI,Pir_L
111,111,112,8,54.7486033519553,L_AVI_ROI_L,parc_7,L_AVI_ROI,AVI_L
112,112,113,8,92.7911275415896,L_AAIC_ROI_L,parc_7,L_AAIC_ROI,AAIC_L
113,113,114,3,100.0,L_FOP1_ROI_L,parc_2,L_FOP1_ROI,FOP1_L
114,114,115,8,62.5968992248062,L_FOP3_ROI_L,parc_7,L_FOP3_ROI,FOP3_L
115,115,116,3,94.75,L_FOP2_ROI_L,parc_2,L_FOP2_ROI,FOP2_L
116,116,117,4,100.0,L_PFt_ROI_L,parc_3,L_PFt_ROI,PFt_L
117,117,118,4,100.0,L_AIP_ROI_L,parc_3,L_AIP_ROI,AIP_L
118,118,119,7,98.1260647359455,L_EC_ROI_L,parc_6,L_EC_ROI,EC_L
119,119,120,7,77.9111644657863,L_PreS_ROI_L,parc_6,L_PreS_ROI,PreS_L
120,120,121,1,87.3517786561265,L_H_ROI_L,parc_0,L_H_ROI,H_L
121,121,122,6,100.0,L_ProS_ROI_L,parc_5,L_ProS_ROI,ProS_L
122,122,123,7,63.8621794871795,L_PeEc_ROI_L,parc_6,L_PeEc_ROI,PeEc_L
123,123,124,7,57.8778135048232,L_STGa_ROI_L,parc_6,L_STGa_ROI,STGa_L
124,124,125,4,51.2751677852349,L_PBelt_ROI_L,parc_3,L_PBelt_ROI,PBelt_L
125,125,126,3,55.8423913043478,L_A5_ROI_L,parc_2,L_A5_ROI,A5_L
126,126,127,7,79.0923824959481,L_PHA1_ROI_L,parc_6,L_PHA1_ROI,PHA1_L
127,127,128,3,83.2402234636871,L_PHA3_ROI_L,parc_2,L_PHA3_ROI,PHA3_L
128,128,129,4,71.9435736677116,L_STSda_ROI_L,parc_3,L_STSda_ROI,STSda_L
129,129,130,3,100.0,L_STSdp_ROI_L,parc_2,L_STSdp_ROI,STSdp_L
130,130,131,3,100.0,L_STSvp_ROI_L,parc_2,L_STSvp_ROI,STSvp_L
131,131,132,7,95.7683741648107,L_TGd_ROI_L,parc_6,L_TGd_ROI,TGd_L
132,132,133,3,100.0,L_TE1a_ROI_L,parc_2,L_TE1a_ROI,TE1a_L
133,133,134,3,100.0,L_TE1p_ROI_L,parc_2,L_TE1p_ROI,TE1p_L
134,134,135,3,99.9174236168456,L_TE2a_ROI_L,parc_2,L_TE2a_ROI,TE2a_L
135,135,136,3,97.9228486646884,L_TF_ROI_L,parc_2,L_TF_ROI,TF_L
136,136,137,3,100.0,L_TE2p_ROI_L,parc_2,L_TE2p_ROI,TE2p_L
137,137,138,3,94.1379310344828,L_PHT_ROI_L,parc_2,L_PHT_ROI,PHT_L
138,138,139,5,57.0289132602193,L_PH_ROI_L,parc_4,L_PH_ROI,PH_L
139,139,140,3,100.0,L_TPOJ1_ROI_L,parc_2,L_TPOJ1_ROI,TPOJ1_L
140,140,141,3,58.1239530988275,L_TPOJ2_ROI_L,parc_2,L_TPOJ2_ROI,TPOJ2_L
141,141,142,5,66.0,L_TPOJ3_ROI_L,parc_4,L_TPOJ3_ROI,TPOJ3_L
142,142,143,3,69.0406976744186,L_DVT_ROI_L,parc_2,L_DVT_ROI,DVT_L
143,143,144,4,98.955223880597,L_PGp_ROI_L,parc_3,L_PGp_ROI,PGp_L
144,144,145,4,100.0,L_IP2_ROI_L,parc_3,L_IP2_ROI,IP2_L
145,145,146,4,89.6214896214896,L_IP1_ROI_L,parc_3,L_IP1_ROI,IP1_L
146,146,147,4,81.7490494296578,L_IP0_ROI_L,parc_3,L_IP0_ROI,IP0_L
147,147,148,4,77.8307508939213,L_PFop_ROI_L,parc_3,L_PFop_ROI,PFop_L
148,148,149,4,99.7707473635947,L_PF_ROI_L,parc_3,L_PF_ROI,PF_L
149,149,150,4,100.0,L_PFm_ROI_L,parc_3,L_PFm_ROI,PFm_L
150,150,151,4,94.2660550458716,L_PGi_ROI_L,parc_3,L_PGi_ROI,PGi_L
151,151,152,4,100.0,L_PGs_ROI_L,parc_3,L_PGs_ROI,PGs_L
152,152,153,3,55.1587301587302,L_V6A_ROI_L,parc_2,L_V6A_ROI,V6A_L
153,153,154,5,99.3135011441648,L_VMV1_ROI_L,parc_4,L_VMV1_ROI,VMV1_L
154,154,155,5,81.2903225806452,L_VMV3_ROI_L,parc_4,L_VMV3_ROI,VMV3_L
155,155,156,7,84.7715736040609,L_PHA2_ROI_L,parc_6,L_PHA2_ROI,PHA2_L
156,156,157,5,100.0,L_V4t_ROI_L,parc_4,L_V4t_ROI,V4t_L
157,157,158,5,96.0,L_FST_ROI_L,parc_4,L_FST_ROI,FST_L
158,158,159,5,71.0106382978723,L_V3CD_ROI_L,parc_4,L_V3CD_ROI,V3CD_L
159,159,160,5,97.5384615384615,L_LO3_ROI_L,parc_4,L_LO3_ROI,LO3_L
160,160,161,5,100.0,L_VMV2_ROI_L,parc_4,L_VMV2_ROI,VMV2_L
161,161,162,3,82.2018348623853,L_31pd_ROI_L,parc_2,L_31pd_ROI,31pd_L
162,162,163,7,93.0635838150289,L_31a_ROI_L,parc_6,L_31a_ROI,31a_L
163,163,164,3,62.9746835443038,L_VVC_ROI_L,parc_2,L_VVC_ROI,VVC_L
164,164,165,5,95.3929539295393,L_25_ROI_L,parc_4,L_25_ROI,25_L
165,165,166,5,100.0,L_s32_ROI_L,parc_4,L_s32_ROI,s32_L
166,166,167,5,100.0,L_pOFC_ROI_L,parc_4,L_pOFC_ROI,pOFC_L
167,167,168,8,94.702842377261,L_PoI1_ROI_L,parc_7,L_PoI1_ROI,PoI1_L
168,168,169,8,80.8823529411765,L_Ig_ROI_L,parc_7,L_Ig_ROI,Ig_L
169,169,170,3,42.6553672316384,L_FOP5_ROI_L,parc_2,L_FOP5_ROI,FOP5_L
170,170,171,3,94.5355191256831,L_p10p_ROI_L,parc_2,L_p10p_ROI,p10p_L
171,171,172,3,82.6377295492487,L_p47r_ROI_L,parc_2,L_p47r_ROI,p47r_L
172,172,173,7,74.4326777609682,L_TGv_ROI_L,parc_6,L_TGv_ROI,TGv_L
173,173,174,6,77.3333333333333,L_MBelt_ROI_L,parc_5,L_MBelt_ROI,MBelt_L
174,174,175,4,72.7580372250423,L_LBelt_ROI_L,parc_3,L_LBelt_ROI,LBelt_L
175,175,176,3,63.9830508474576,L_A4_ROI_L,parc_2,L_A4_ROI,A4_L
176,176,177,3,82.3088455772114,L_STSva_ROI_L,parc_2,L_STSva_ROI,STSva_L
177,177,178,3,100.0,L_TE1m_ROI_L,parc_2,L_TE1m_ROI,TE1m_L
178,178,179,8,56.6371681415929,L_PI_ROI_L,parc_7,L_PI_ROI,PI_L
179,179,180,7,51.4231499051233,L_a32pr_ROI_L,parc_6,L_a32pr_ROI,a32pr_L
180,180,181,7,100.0,L_p24_ROI_L,parc_6,L_p24_ROI,p24_L
181,181,182,14,57.9703207276209,R_V1_ROI_R,parc_5,R_V1_ROI,V1_R
182,182,183,13,72.7272727272727,R_MST_ROI_R,parc_4,R_MST_ROI,MST_R
183,183,184,13,62.5,R_V6_ROI_R,parc_4,R_V6_ROI,V6_R
184,184,185,13,97.2584419926446,R_V2_ROI_R,parc_4,R_V2_ROI,V2_R
185,185,186,13,100.0,R_V3_ROI_R,parc_4,R_V3_ROI,V3_R
186,186,187,13,100.0,R_V4_ROI_R,parc_4,R_V4_ROI,V4_R
187,187,188,13,79.7752808988764,R_V8_ROI_R,parc_4,R_V8_ROI,V8_R
188,188,189,10,88.9494163424124,R_4_ROI_R,parc_1,R_4_ROI,4_R
189,189,190,11,60.5799373040752,R_3b_ROI_R,parc_2,R_3b_ROI,3b_R
190,190,191,10,62.2352941176471,R_FEF_ROI_R,parc_1,R_FEF_ROI,FEF_R
191,191,192,11,97.2916666666667,R_PEF_ROI_R,parc_2,R_PEF_ROI,PEF_R
192,192,193,11,62.70783847981,R_55b_ROI_R,parc_2,R_55b_ROI,55b_R
193,193,194,13,97.4834437086093,R_V3A_ROI_R,parc_4,R_V3A_ROI,V3A_R
194,194,195,15,58.1904761904762,R_RSC_ROI_R,parc_6,R_RSC_ROI,RSC_R
195,195,196,11,100.0,R_POS2_ROI_R,parc_2,R_POS2_ROI,POS2_R
196,196,197,13,69.5804195804196,R_V7_ROI_R,parc_4,R_V7_ROI,V7_R
197,197,198,12,87.1794871794872,R_IPS1_ROI_R,parc_3,R_IPS1_ROI,IPS1_R
198,198,199,11,81.3483146067416,R_FFC_ROI_R,parc_2,R_FFC_ROI,FFC_R
199,199,200,13,67.6392572944297,R_V3B_ROI_R,parc_4,R_V3B_ROI,V3B_R
200,200,201,13,100.0,R_LO1_ROI_R,parc_4,R_LO1_ROI,LO1_R
201,201,202,13,100.0,R_LO2_ROI_R,parc_4,R_LO2_ROI,LO2_R
202,202,203,13,100.0,R_PIT_ROI_R,parc_4,R_PIT_ROI,PIT_R
203,203,204,13,100.0,R_MT_ROI_R,parc_4,R_MT_ROI,MT_R
204,204,205,14,75.7475083056478,R_A1_ROI_R,parc_5,R_A1_ROI,A1_R
205,205,206,12,85.9749144811859,R_PSL_ROI_R,parc_3,R_PSL_ROI,PSL_R
206,206,207,11,100.0,R_SFL_ROI_R,parc_2,R_SFL_ROI,SFL_R
207,207,208,11,100.0,R_PCV_ROI_R,parc_2,R_PCV_ROI,PCV_R
208,208,209,11,58.2774049217002,R_STV_ROI_R,parc_2,R_STV_ROI,STV_R
209,209,210,11,100.0,R_7Pm_ROI_R,parc_2,R_7Pm_ROI,7Pm_R
210,210,211,11,99.7432605905006,R_7m_ROI_R,parc_2,R_7m_ROI,7m_R
211,211,212,15,47.6239669421488,R_POS1_ROI_R,parc_6,R_POS1_ROI,POS1_R
212,212,213,15,100.0,R_23d_ROI_R,parc_6,R_23d_ROI,23d_R
213,213,214,15,97.1014492753623,R_v23ab_ROI_R,parc_6,R_v23ab_ROI,v23ab_R
214,214,215,15,100.0,R_d23ab_ROI_R,parc_6,R_d23ab_ROI,d23ab_R
215,215,216,15,94.0559440559441,R_31pv_ROI_R,parc_6,R_31pv_ROI,31pv_R
216,216,217,11,42.6086956521739,R_5m_ROI_R,parc_2,R_5m_ROI,5m_R
217,217,218,11,100.0,R_5mv_ROI_R,parc_2,R_5mv_ROI,5mv_R
218,218,219,11,54.0377358490566,R_23c_ROI_R,parc_2,R_23c_ROI,23c_R
219,219,220,11,48.8938053097345,R_5L_ROI_R,parc_2,R_5L_ROI,5L_R
220,220,221,11,92.7272727272727,R_24dd_ROI_R,parc_2,R_24dd_ROI,24dd_R
221,221,222,11,69.0159574468085,R_24dv_ROI_R,parc_2,R_24dv_ROI,24dv_R
222,222,223,11,65.1648351648352,R_7AL_ROI_R,parc_2,R_7AL_ROI,7AL_R
223,223,224,11,100.0,R_SCEF_ROI_R,parc_2,R_SCEF_ROI,SCEF_R
224,224,225,11,100.0,R_6ma_ROI_R,parc_2,R_6ma_ROI,6ma_R
225,225,226,11,100.0,R_7Am_ROI_R,parc_2,R_7Am_ROI,7Am_R
226,226,227,11,98.1351981351981,R_7PL_ROI_R,parc_2,R_7PL_ROI,7PL_R
227,227,228,12,79.3069306930693,R_7PC_ROI_R,parc_3,R_7PC_ROI,7PC_R
228,228,229,12,100.0,R_LIPv_ROI_R,parc_3,R_LIPv_ROI,LIPv_R
229,229,230,11,60.1904761904762,R_VIP_ROI_R,parc_2,R_VIP_ROI,VIP_R
230,230,231,12,98.6503067484662,R_MIP_ROI_R,parc_3,R_MIP_ROI,MIP_R
231,231,232,14,89.6332518337408,R_1_ROI_R,parc_5,R_1_ROI,1_R
232,232,233,12,90.3535873669756,R_2_ROI_R,parc_3,R_2_ROI,2_R
233,233,234,11,53.1638418079096,R_3a_ROI_R,parc_2,R_3a_ROI,3a_R
234,234,235,10,100.0,R_6d_ROI_R,parc_1,R_6d_ROI,6d_R
235,235,236,11,52.3383768913342,R_6mp_ROI_R,parc_2,R_6mp_ROI,6mp_R
236,236,237,11,61.0719322990127,R_6v_ROI_R,parc_2,R_6v_ROI,6v_R
237,237,238,15,100.0,R_p24pr_ROI_R,parc_6,R_p24pr_ROI,p24pr_R
238,238,239,15,70.8530805687204,R_33pr_ROI_R,parc_6,R_33pr_ROI,33pr_R
239,239,240,15,100.0,R_a24pr_ROI_R,parc_6,R_a24pr_ROI,a24pr_R
240,240,241,15,51.9795657726692,R_p32pr_ROI_R,parc_6,R_p32pr_ROI,p32pr_R
241,241,242,15,61.219512195122,R_a24_ROI_R,parc_6,R_a24_ROI,a24_R
242,242,243,11,85.8974358974359,R_d32_ROI_R,parc_2,R_d32_ROI,d32_R
243,243,244,11,100.0,R_8BM_ROI_R,parc_2,R_8BM_ROI,8BM_R
244,244,245,13,61.8101545253863,R_p32_ROI_R,parc_4,R_p32_ROI,p32_R
245,245,246,13,98.1609195402299,R_10r_ROI_R,parc_4,R_10r_ROI,10r_R
246,246,247,13,100.0,R_47m_ROI_R,parc_4,R_47m_ROI,47m_R
247,247,248,11,100.0,R_8Av_ROI_R,parc_2,R_8Av_ROI,8Av_R
248,248,249,11,100.0,R_8Ad_ROI_R,parc_2,R_8Ad_ROI,8Ad_R
249,249,250,11,96.716630977873,R_9m_ROI_R,parc_2,R_9m_ROI,9m_R
250,250,251,11,100.0,R_8BL_ROI_R,parc_2,R_8BL_ROI,8BL_R
251,251,252,11,100.0,R_9p_ROI_R,parc_2,R_9p_ROI,9p_R
252,252,253,11,88.1679389312977,R_10d_ROI_R,parc_2,R_10d_ROI,10d_R
253,253,254,11,100.0,R_8C_ROI_R,parc_2,R_8C_ROI,8C_R
254,254,255,11,100.0,R_44_ROI_R,parc_2,R_44_ROI,44_R
255,255,256,11,75.7961783439491,R_45_ROI_R,parc_2,R_45_ROI,45_R
256,256,257,13,100.0,R_47l_ROI_R,parc_4,R_47l_ROI,47l_R
257,257,258,11,65.5973451327434,R_a47r_ROI_R,parc_2,R_a47r_ROI,a47r_R
258,258,259,11,100.0,R_6r_ROI_R,parc_2,R_6r_ROI,6r_R
259,259,260,11,100.0,R_IFJa_ROI_R,parc_2,R_IFJa_ROI,IFJa_R
260,260,261,11,100.0,R_IFJp_ROI_R,parc_2,R_IFJp_ROI,IFJp_R
261,261,262,11,100.0,R_IFSp_ROI_R,parc_2,R_IFSp_ROI,IFSp_R
262,262,263,11,97.4734042553192,R_IFSa_ROI_R,parc_2,R_IFSa_ROI,IFSa_R
263,263,264,11,100.0,R_p9-46v_ROI_R,parc_2,R_p9-46v_ROI,p9-46v_R
264,264,265,11,100.0,R_46_ROI_R,parc_2,R_46_ROI,46_R
265,265,266,11,99.0740740740741,R_a9-46v_ROI_R,parc_2,R_a9-46v_ROI,a9-46v_R
266,266,267,11,88.8567293777135,R_9-46d_ROI_R,parc_2,R_9-46d_ROI,9-46d_R
267,267,268,11,99.5290423861852,R_9a_ROI_R,parc_2,R_9a_ROI,9a_R
268,268,269,13,100.0,R_10v_ROI_R,parc_4,R_10v_ROI,10v_R
269,269,270,11,56.8034557235421,R_a10p_ROI_R,parc_2,R_a10p_ROI,a10p_R
270,270,271,13,96.8085106382979,R_10pp_ROI_R,parc_4,R_10pp_ROI,10pp_R
271,271,272,13,96.9631236442516,R_11l_ROI_R,parc_4,R_11l_ROI,11l_R
272,272,273,13,100.0,R_13l_ROI_R,parc_4,R_13l_ROI,13l_R
273,273,274,13,100.0,R_OFC_ROI_R,parc_4,R_OFC_ROI,OFC_R
274,274,275,13,99.6996996996997,R_47s_ROI_R,parc_4,R_47s_ROI,47s_R
275,275,276,12,100.0,R_LIPd_ROI_R,parc_3,R_LIPd_ROI,LIPd_R
276,276,277,11,80.3498542274052,R_6a_ROI_R,parc_2,R_6a_ROI,6a_R
277,277,278,11,100.0,R_i6-8_ROI_R,parc_2,R_i6-8_ROI,i6-8_R
278,278,279,11,100.0,R_s6-8_ROI_R,parc_2,R_s6-8_ROI,s6-8_R
279,279,280,11,100.0,R_43_ROI_R,parc_2,R_43_ROI,43_R
280,280,281,12,48.1751824817518,R_OP4_ROI_R,parc_3,R_OP4_ROI,OP4_R
281,281,282,12,100.0,R_OP1_ROI_R,parc_3,R_OP1_ROI,OP1_R
282,282,283,12,35.7394366197183,R_OP2-3_ROI_R,parc_3,R_OP2-3_ROI,OP2-3_R
283,283,284,16,85.2331606217617,R_52_ROI_R,parc_7,R_52_ROI,52_R
284,284,285,12,85.9504132231405,R_RI_ROI_R,parc_3,R_RI_ROI,RI_R
285,285,286,12,100.0,R_PFcm_ROI_R,parc_3,R_PFcm_ROI,PFcm_R
286,286,287,16,100.0,R_PoI2_ROI_R,parc_7,R_PoI2_ROI,PoI2_R
287,287,288,12,73.4989648033126,R_TA2_ROI_R,parc_3,R_TA2_ROI,TA2_R
288,288,289,11,66.2106703146375,R_FOP4_ROI_R,parc_2,R_FOP4_ROI,FOP4_R
289,289,290,16,100.0,R_MI_ROI_R,parc_7,R_MI_ROI,MI_R
290,290,291,16,41.7035398230089,R_Pir_ROI_R,parc_7,R_Pir_ROI,Pir_R
291,291,292,13,51.078167115903,R_AVI_ROI_R,parc_4,R_AVI_ROI,AVI_R
292,292,293,16,75.4512635379061,R_AAIC_ROI_R,parc_7,R_AAIC_ROI,AAIC_R
293,293,294,11,100.0,R_FOP1_ROI_R,parc_2,R_FOP1_ROI,FOP1_R
294,294,295,16,67.7777777777778,R_FOP3_ROI_R,parc_7,R_FOP3_ROI,FOP3_R
295,295,296,11,84.6330275229358,R_FOP2_ROI_R,parc_2,R_FOP2_ROI,FOP2_R
296,296,297,12,95.1985226223453,R_PFt_ROI_R,parc_3,R_PFt_ROI,PFt_R
297,297,298,12,100.0,R_AIP_ROI_R,parc_3,R_AIP_ROI,AIP_R
298,298,299,11,50.6578947368421,R_EC_ROI_R,parc_2,R_EC_ROI,EC_R
299,299,300,15,40.4726735598227,R_PreS_ROI_R,parc_6,R_PreS_ROI,PreS_R
300,300,301,9,92.0847268673356,R_H_ROI_R,parc_0,R_H_ROI,H_R
301,301,302,14,99.6840442338073,R_ProS_ROI_R,parc_5,R_ProS_ROI,ProS_R
302,302,303,11,68.0830039525692,R_PeEc_ROI_R,parc_2,R_PeEc_ROI,PeEc_R
303,303,304,12,58.1521739130435,R_STGa_ROI_R,parc_3,R_STGa_ROI,STGa_R
304,304,305,12,53.3066132264529,R_PBelt_ROI_R,parc_3,R_PBelt_ROI,PBelt_R
305,305,306,11,58.5889570552147,R_A5_ROI_R,parc_2,R_A5_ROI,A5_R
306,306,307,15,61.6935483870968,R_PHA1_ROI_R,parc_6,R_PHA1_ROI,PHA1_R
307,307,308,11,95.3586497890295,R_PHA3_ROI_R,parc_2,R_PHA3_ROI,PHA3_R
308,308,309,12,50.0,R_STSda_ROI_R,parc_3,R_STSda_ROI,STSda_R
309,309,310,11,99.8309382924768,R_STSdp_ROI_R,parc_2,R_STSdp_ROI,STSdp_R
310,310,311,11,100.0,R_STSvp_ROI_R,parc_2,R_STSvp_ROI,STSvp_R
311,311,312,15,99.2248062015504,R_TGd_ROI_R,parc_6,R_TGd_ROI,TGd_R
312,312,313,11,90.6793048973144,R_TE1a_ROI_R,parc_2,R_TE1a_ROI,TE1a_R
313,313,314,11,100.0,R_TE1p_ROI_R,parc_2,R_TE1p_ROI,TE1p_R
314,314,315,11,88.9055472263868,R_TE2a_ROI_R,parc_2,R_TE2a_ROI,TE2a_R
315,315,316,11,98.4671532846715,R_TF_ROI_R,parc_2,R_TF_ROI,TF_R
316,316,317,11,100.0,R_TE2p_ROI_R,parc_2,R_TE2p_ROI,TE2p_R
317,317,318,11,100.0,R_PHT_ROI_R,parc_2,R_PHT_ROI,PHT_R
318,318,319,11,53.75,R_PH_ROI_R,parc_2,R_PH_ROI,PH_R
319,319,320,11,100.0,R_TPOJ1_ROI_R,parc_2,R_TPOJ1_ROI,TPOJ1_R
320,320,321,11,99.7581620314389,R_TPOJ2_ROI_R,parc_2,R_TPOJ2_ROI,TPOJ2_R
321,321,322,12,56.203007518797,R_TPOJ3_ROI_R,parc_3,R_TPOJ3_ROI,TPOJ3_R
322,322,323,11,63.2214765100671,R_DVT_ROI_R,parc_2,R_DVT_ROI,DVT_R
323,323,324,12,99.8817966903073,R_PGp_ROI_R,parc_3,R_PGp_ROI,PGp_R
324,324,325,12,100.0,R_IP2_ROI_R,parc_3,R_IP2_ROI,IP2_R
325,325,326,12,100.0,R_IP1_ROI_R,parc_3,R_IP1_ROI,IP1_R
326,326,327,12,100.0,R_IP0_ROI_R,parc_3,R_IP0_ROI,IP0_R
327,327,328,12,63.4013605442177,R_PFop_ROI_R,parc_3,R_PFop_ROI,PFop_R
328,328,329,12,100.0,R_PF_ROI_R,parc_3,R_PF_ROI,PF_R
329,329,330,12,100.0,R_PFm_ROI_R,parc_3,R_PFm_ROI,PFm_R
330,330,331,12,91.0696266397578,R_PGi_ROI_R,parc_3,R_PGi_ROI,PGi_R
331,331,332,12,100.0,R_PGs_ROI_R,parc_3,R_PGs_ROI,PGs_R
332,332,333,11,100.0,R_V6A_ROI_R,parc_2,R_V6A_ROI,V6A_R
333,333,334,13,100.0,R_VMV1_ROI_R,parc_4,R_VMV1_ROI,VMV1_R
334,334,335,13,51.4204545454545,R_VMV3_ROI_R,parc_4,R_VMV3_ROI,VMV3_R
335,335,336,15,69.9481865284974,R_PHA2_ROI_R,parc_6,R_PHA2_ROI,PHA2_R
336,336,337,13,100.0,R_V4t_ROI_R,parc_4,R_V4t_ROI,V4t_R
337,337,338,11,62.5935162094763,R_FST_ROI_R,parc_2,R_FST_ROI,FST_R
338,338,339,13,53.8265306122449,R_V3CD_ROI_R,parc_4,R_V3CD_ROI,V3CD_R
339,339,340,13,93.0835734870317,R_LO3_ROI_R,parc_4,R_LO3_ROI,LO3_R
340,340,341,13,97.6470588235294,R_VMV2_ROI_R,parc_4,R_VMV2_ROI,VMV2_R
341,341,342,11,83.8645418326693,R_31pd_ROI_R,parc_2,R_31pd_ROI,31pd_R
342,342,343,15,76.8392370572207,R_31a_ROI_R,parc_6,R_31a_ROI,31a_R
343,343,344,11,99.8357963875205,R_VVC_ROI_R,parc_2,R_VVC_ROI,VVC_R
344,344,345,13,76.8707482993197,R_25_ROI_R,parc_4,R_25_ROI,25_R
345,345,346,13,100.0,R_s32_ROI_R,parc_4,R_s32_ROI,s32_R
346,346,347,13,96.4805825242718,R_pOFC_ROI_R,parc_4,R_pOFC_ROI,pOFC_R
347,347,348,16,100.0,R_PoI1_ROI_R,parc_7,R_PoI1_ROI,PoI1_R
348,348,349,16,90.1840490797546,R_Ig_ROI_R,parc_7,R_Ig_ROI,Ig_R
349,349,350,11,42.5648021828104,R_FOP5_ROI_R,parc_2,R_FOP5_ROI,FOP5_R
350,350,351,11,68.75,R_p10p_ROI_R,parc_2,R_p10p_ROI,p10p_R
351,351,352,11,62.8517823639775,R_p47r_ROI_R,parc_2,R_p47r_ROI,p47r_R
352,352,353,15,77.9329608938548,R_TGv_ROI_R,parc_6,R_TGv_ROI,TGv_R
353,353,354,14,77.9735682819383,R_MBelt_ROI_R,parc_5,R_MBelt_ROI,MBelt_R
354,354,355,12,89.2778993435449,R_LBelt_ROI_R,parc_3,R_LBelt_ROI,LBelt_R
355,355,356,12,50.8771929824561,R_A4_ROI_R,parc_3,R_A4_ROI,A4_R
356,356,357,11,100.0,R_STSva_ROI_R,parc_2,R_STSva_ROI,STSva_R
357,357,358,11,100.0,R_TE1m_ROI_R,parc_2,R_TE1m_ROI,TE1m_R
358,358,359,16,64.5569620253165,R_PI_ROI_R,parc_7,R_PI_ROI,PI_R
359,359,360,15,58.4717607973422,R_a32pr_ROI_R,parc_6,R_a32pr_ROI,a32pr_R
360,360,361,15,92.896174863388,R_p24_ROI_R,parc_6,R_p24_ROI,p24_R
